<project xmlns="http://maven.apache.org/POM/4.0.0" xmlns:xsi="http://www.w3.org/2001/XMLSchema-instance" xsi:schemaLocation="http://maven.apache.org/POM/4.0.0 http://maven.apache.org/xsd/maven-4.0.0.xsd">
	<parent>
		<groupId>com.swt</groupId>
		<artifactId>security</artifactId>
		<version>3.2.0</version>
	</parent>
	<modelVersion>4.0.0</modelVersion>
	<artifactId>api</artifactId>
	<packaging>war</packaging>
	<description>war包对应的pom，打war包，执行【mvn clean package -f pom-war.xml】</description>

	<properties>
		<swagger.version>2.7.0</swagger.version>
	</properties>

	<dependencies>
		<dependency>
			<groupId>com.swt</groupId>
			<artifactId>common</artifactId>
			<version>3.2.0</version>
		</dependency>
		<dependency>
			<groupId>org.springframework.boot</groupId>
			<artifactId>spring-boot-starter-tomcat</artifactId>
			<scope>provided</scope>
		</dependency>
		<dependency>
			<groupId>io.springfox</groupId>
			<artifactId>springfox-swagger2</artifactId>
			<version>${swagger.version}</version>
		</dependency>
		<dependency>
			<groupId>io.springfox</groupId>
			<artifactId>springfox-swagger-ui</artifactId>
			<version>${swagger.version}</version>
		</dependency>
	</dependencies>

	<build>
		<finalName>${project.artifactId}</finalName>
		<plugins>
			<plugin>
				<groupId>org.springframework.boot</groupId>
				<artifactId>spring-boot-maven-plugin</artifactId>
			</plugin>
			<plugin>
				<groupId>org.apache.maven.plugins</groupId>
				<artifactId>maven-surefire-plugin</artifactId>
				<configuration>
					<skipTests>true</skipTests>
				</configuration>
			</plugin>
		</plugins>
	</build>
</project>